asset,asset_class,H_target,class_reference,kappa,estimator,H_hat,bias,r_squared,n_obs,invalid_day_fraction
livestock_01,livestock,0.05232891364100444,0.048,0.01,rv5m,0.023591232239227593,-0.02873768140177685,0.0743886146953826,1000,0.0
livestock_01,livestock,0.05232891364100444,0.048,0.01,rk,0.025573304062866987,-0.026755609578137454,0.08765121675576193,1000,0.0
livestock_01,livestock,0.05232891364100444,0.048,0.01,tsrv,0.026248989154390598,-0.026079924486613844,0.09504447965881735,1000,0.0
livestock_01,livestock,0.05232891364100444,0.048,0.01,pav,0.02508811274313244,-0.027240800897872,0.07974303763850366,1000,0.0
livestock_01,livestock,0.05232891364100444,0.048,0.01,pabpv,0.030915527217112604,-0.021413386423891838,0.10426180255995054,1000,0.0
livestock_01,livestock,0.05232891364100444,0.048,0.01,bpv,0.024500690099076274,-0.027828223541928168,0.08287450366095395,1000,0.0
livestock_01,livestock,0.05232891364100444,0.048,0.01,ctrv,0.026104620763621897,-0.026224292877382545,0.09134829741331851,1000,0.0
livestock_02,livestock,0.03396643763889343,0.048,0.01,rv5m,0.06264131150325622,0.028674873864362786,0.4905213767130575,1000,0.0
livestock_02,livestock,0.03396643763889343,0.048,0.01,rk,0.06029337679108423,0.026326939152190795,0.4288032750626316,1000,0.0
livestock_02,livestock,0.03396643763889343,0.048,0.01,tsrv,0.05903596890589146,0.025069531266998027,0.42056318202844667,1000,0.0
livestock_02,livestock,0.03396643763889343,0.048,0.01,pav,0.060481167717677004,0.02651473007878357,0.472650745781407,1000,0.0
livestock_02,livestock,0.03396643763889343,0.048,0.01,pabpv,0.05804180057034555,0.02407536293145212,0.4461415590268668,1000,0.0
livestock_02,livestock,0.03396643763889343,0.048,0.01,bpv,0.05822454233040991,0.02425810469151648,0.3957947355108571,1000,0.0
livestock_02,livestock,0.03396643763889343,0.048,0.01,ctrv,0.0593818030774862,0.02541536543859277,0.4167263473681392,1000,0.0
rates_01,rates,0.08310618708420153,0.074,0.01,rv5m,0.07740366762219916,-0.00570251946200237,0.7991793473003078,1000,0.0
rates_01,rates,0.08310618708420153,0.074,0.01,rk,0.07524915149666564,-0.007857035587535893,0.7467197035729355,1000,0.0
rates_01,rates,0.08310618708420153,0.074,0.01,tsrv,0.07406220796002423,-0.009043979124177301,0.755981824289353,1000,0.0
rates_01,rates,0.08310618708420153,0.074,0.01,pav,0.07857284691970978,-0.00453334016449175,0.8426286544476147,1000,0.0
rates_01,rates,0.08310618708420153,0.074,0.01,pabpv,0.07713301883766163,-0.0059731682465399005,0.8344043579004579,1000,0.0
rates_01,rates,0.08310618708420153,0.074,0.01,bpv,0.07865856966585862,-0.004447617418342917,0.8040172637703855,1000,0.0
rates_01,rates,0.08310618708420153,0.074,0.01,ctrv,0.07824790660301553,-0.004858280481186,0.7943126245668832,1000,0.0
rates_02,rates,0.07619925207343509,0.074,0.01,rv5m,0.03591781226616695,-0.040281439807268136,0.23494559789697378,1000,0.0
rates_02,rates,0.07619925207343509,0.074,0.01,rk,0.039194960829983236,-0.03700429124345185,0.2681230419645454,1000,0.0
rates_02,rates,0.07619925207343509,0.074,0.01,tsrv,0.04010050992966495,-0.03609874214377014,0.27970781794358157,1000,0.0
rates_02,rates,0.07619925207343509,0.074,0.01,pav,0.04197003358828138,-0.03422921848515371,0.2785936783088404,1000,0.0
rates_02,rates,0.07619925207343509,0.074,0.01,pabpv,0.04148607168322661,-0.03471318039020848,0.2590225401373415,1000,0.0
rates_02,rates,0.07619925207343509,0.074,0.01,bpv,0.036103170868618514,-0.04009608120481657,0.23046983935836107,1000,0.0
rates_02,rates,0.07619925207343509,0.074,0.01,ctrv,0.03845668178597879,-0.0377425702874563,0.24629524756389265,1000,0.0
fx_01,fx,0.0776862990027445,0.081,0.01,rv5m,0.05360346762348567,-0.02408283137925883,0.3984571436787624,1000,0.0
fx_01,fx,0.0776862990027445,0.081,0.01,rk,0.0547768330344576,-0.0229094659682869,0.3862677271020766,1000,0.0
fx_01,fx,0.0776862990027445,0.081,0.01,tsrv,0.05356954786808105,-0.024116751134663453,0.363211286195667,1000,0.0
fx_01,fx,0.0776862990027445,0.081,0.01,pav,0.054513494475105215,-0.023172804527639285,0.361757170433057,1000,0.0
fx_01,fx,0.0776862990027445,0.081,0.01,pabpv,0.059802804005624724,-0.017883494997119775,0.3998176348797048,1000,0.0
fx_01,fx,0.0776862990027445,0.081,0.01,bpv,0.05374422681921516,-0.02394207218352934,0.3513545317916764,1000,0.0
fx_01,fx,0.0776862990027445,0.081,0.01,ctrv,0.052312214787516895,-0.025374084215227605,0.37352188344458925,1000,0.0
fx_02,fx,0.07501426231037758,0.081,0.01,rv5m,0.03118538073768192,-0.04382888157269566,0.16727470088427776,1000,0.0
fx_02,fx,0.07501426231037758,0.081,0.01,rk,0.03678377039029119,-0.038230491920086394,0.25157701371313046,1000,0.0
fx_02,fx,0.07501426231037758,0.081,0.01,tsrv,0.02982865765019066,-0.04518560466018692,0.17086792717112187,1000,0.0
fx_02,fx,0.07501426231037758,0.081,0.01,pav,0.023698385640729812,-0.05131587666964777,0.1507702771665862,1000,0.0
fx_02,fx,0.07501426231037758,0.081,0.01,pabpv,0.02256006495752365,-0.052454197352853935,0.13920010991572906,1000,0.0
fx_02,fx,0.07501426231037758,0.081,0.01,bpv,0.04267778835155832,-0.032336473958819265,0.32137515663924343,1000,0.0
fx_02,fx,0.07501426231037758,0.081,0.01,ctrv,0.04233147865840594,-0.03268278365197164,0.34075087976054075,1000,0.0
agriculture_01,agriculture,0.0747873928152368,0.085,0.01,rv5m,0.05155246606914261,-0.02323492674609419,0.38315913995577255,1000,0.0
agriculture_01,agriculture,0.0747873928152368,0.085,0.01,rk,0.04504705787060724,-0.029740334944629562,0.25382607754600617,1000,0.0
agriculture_01,agriculture,0.0747873928152368,0.085,0.01,tsrv,0.043465026842524304,-0.0313223659727125,0.266093445013838,1000,0.0
agriculture_01,agriculture,0.0747873928152368,0.085,0.01,pav,0.04828631530637931,-0.026501077508857496,0.30545062421568137,1000,0.0
agriculture_01,agriculture,0.0747873928152368,0.085,0.01,pabpv,0.046905246104016966,-0.027882146711219837,0.26181995590913887,1000,0.0
agriculture_01,agriculture,0.0747873928152368,0.085,0.01,bpv,0.04560314073944152,-0.02918425207579528,0.2558393280609117,1000,0.0
agriculture_01,agriculture,0.0747873928152368,0.085,0.01,ctrv,0.04727649168075082,-0.027510901134485982,0.2783094231331842,1000,0.0
agriculture_02,agriculture,0.09013339743504278,0.085,0.01,rv5m,0.09205240286392503,0.0019190054288822506,0.6597051627086832,1000,0.0
agriculture_02,agriculture,0.09013339743504278,0.085,0.01,rk,0.09277365956191067,0.0026402621268678816,0.6343876833012265,1000,0.0
agriculture_02,agriculture,0.09013339743504278,0.085,0.01,tsrv,0.08878821567876004,-0.0013451817562827456,0.6009022059714837,1000,0.0
agriculture_02,agriculture,0.09013339743504278,0.085,0.01,pav,0.07039591755720498,-0.019737479877837805,0.48860951491810534,1000,0.0
agriculture_02,agriculture,0.09013339743504278,0.085,0.01,pabpv,0.0675871456165778,-0.02254625181846498,0.4290369136650426,1000,0.0
agriculture_02,agriculture,0.09013339743504278,0.085,0.01,bpv,0.09587931146141175,0.005745914026368967,0.7092738370698682,1000,0.0
agriculture_02,agriculture,0.09013339743504278,0.085,0.01,ctrv,0.09721938893843406,0.007085991503391273,0.7188579708616911,1000,0.0
energy_01,energy,0.08729179377455762,0.088,0.01,rv5m,0.1280878414693643,0.040796047694806686,0.9015924067874631,1000,0.0
energy_01,energy,0.08729179377455762,0.088,0.01,rk,0.11928306673576206,0.03199127296120444,0.8535599009438204,1000,0.0
energy_01,energy,0.08729179377455762,0.088,0.01,tsrv,0.12330525324022423,0.036013459465666614,0.8815511860963596,1000,0.0
energy_01,energy,0.08729179377455762,0.088,0.01,pav,0.12021130276181441,0.03291950898725679,0.8190871149628907,1000,0.0
energy_01,energy,0.08729179377455762,0.088,0.01,pabpv,0.12254218203599329,0.03525038826143567,0.8474920459668777,1000,0.0
energy_01,energy,0.08729179377455762,0.088,0.01,bpv,0.11468387901370584,0.027392085239148226,0.8558071554672594,1000,0.0
energy_01,energy,0.08729179377455762,0.088,0.01,ctrv,0.11699618420792925,0.029704390433371627,0.855789168454603,1000,0.0
energy_02,energy,0.08304325138680876,0.088,0.01,rv5m,0.08843247759460537,0.00538922620779661,0.5350658472359895,1000,0.0
energy_02,energy,0.08304325138680876,0.088,0.01,rk,0.08928187976575207,0.006238628378943303,0.5097578910316396,1000,0.0
energy_02,energy,0.08304325138680876,0.088,0.01,tsrv,0.08637529818273501,0.0033320467959262468,0.4988066372588196,1000,0.0
energy_02,energy,0.08304325138680876,0.088,0.01,pav,0.08217436387184585,-0.0008688875149629183,0.42544041833547164,1000,0.0
energy_02,energy,0.08304325138680876,0.088,0.01,pabpv,0.07958393299320421,-0.0034593183936045546,0.3800046801414956,1000,0.0
energy_02,energy,0.08304325138680876,0.088,0.01,bpv,0.08971770678455872,0.006674455397749954,0.4892859244077632,1000,0.0
energy_02,energy,0.08304325138680876,0.088,0.01,ctrv,0.09198530470641786,0.008942053319609095,0.5112603569991636,1000,0.0
metals_01,metals,0.07548921068400138,0.091,0.01,rv5m,0.12553436715941504,0.05004515647541366,0.8160064290678339,1000,0.0
metals_01,metals,0.07548921068400138,0.091,0.01,rk,0.12308094000062593,0.047591729316624545,0.7575163038126544,1000,0.0
metals_01,metals,0.07548921068400138,0.091,0.01,tsrv,0.12323851072026237,0.04774930003626099,0.7354194672395998,1000,0.0
metals_01,metals,0.07548921068400138,0.091,0.01,pav,0.12066938624600963,0.04518017556200825,0.7105600071436013,1000,0.0
metals_01,metals,0.07548921068400138,0.091,0.01,pabpv,0.11568882477874079,0.040199614094739405,0.7078772218067244,1000,0.0
metals_01,metals,0.07548921068400138,0.091,0.01,bpv,0.11984693346489503,0.044357722780893644,0.7869841107653615,1000,0.0
metals_01,metals,0.07548921068400138,0.091,0.01,ctrv,0.12229882633095705,0.04680961564695567,0.7860938189855653,1000,0.0
metals_02,metals,0.09198575792715614,0.091,0.01,rv5m,0.08461606066028085,-0.007369697266875294,0.7129266641209888,1000,0.0
metals_02,metals,0.09198575792715614,0.091,0.01,rk,0.08913514467323445,-0.002850613253921691,0.7526795520805679,1000,0.0
metals_02,metals,0.09198575792715614,0.091,0.01,tsrv,0.08690003233547569,-0.005085725591680454,0.7109550899265814,1000,0.0
metals_02,metals,0.09198575792715614,0.091,0.01,pav,0.07983646367366261,-0.012149294253493537,0.6969272093072161,1000,0.0
metals_02,metals,0.09198575792715614,0.091,0.01,pabpv,0.07457002747346164,-0.017415730453694503,0.7043503621318288,1000,0.0
metals_02,metals,0.09198575792715614,0.091,0.01,bpv,0.0936753269498136,0.0016895690226574611,0.7738419974556165,1000,0.0
metals_02,metals,0.09198575792715614,0.091,0.01,ctrv,0.09222907013363373,0.00024331220647758056,0.7581886536753979,1000,0.0
single_stock_01,single_stock,0.11681511087490633,0.131,0.01,rv5m,0.12595271699014737,0.009137606115241045,0.8952910237838347,1000,0.0
single_stock_01,single_stock,0.11681511087490633,0.131,0.01,rk,0.12322693814498269,0.006411827270076359,0.854873960350848,1000,0.0
single_stock_01,single_stock,0.11681511087490633,0.131,0.01,tsrv,0.12045566051120915,0.003640549636302823,0.8534394807297658,1000,0.0
single_stock_01,single_stock,0.11681511087490633,0.131,0.01,pav,0.10687791536631874,-0.009937195508587585,0.8805199321142856,1000,0.0
single_stock_01,single_stock,0.11681511087490633,0.131,0.01,pabpv,0.102698252835078,-0.014116858039828331,0.8815137356986071,1000,0.0
single_stock_01,single_stock,0.11681511087490633,0.131,0.01,bpv,0.12455489817855317,0.007739787303646842,0.8676412221474369,1000,0.0
single_stock_01,single_stock,0.11681511087490633,0.131,0.01,ctrv,0.1241444262311843,0.007329315356277968,0.8747121293550306,1000,0.0
single_stock_02,single_stock,0.13030659589935645,0.131,0.01,rv5m,0.16007871400390514,0.02977211810454869,0.8535463353377315,1000,0.0
single_stock_02,single_stock,0.13030659589935645,0.131,0.01,rk,0.16430907328947442,0.03400247739011797,0.8713584652516595,1000,0.0
single_stock_02,single_stock,0.13030659589935645,0.131,0.01,tsrv,0.1628656822583428,0.032559086358986356,0.8543565339534087,1000,0.0
single_stock_02,single_stock,0.13030659589935645,0.131,0.01,pav,0.1505634354384762,0.020256839539119748,0.8114977217050316,1000,0.0
single_stock_02,single_stock,0.13030659589935645,0.131,0.01,pabpv,0.15097298950717578,0.020666393607819328,0.8623735810778411,1000,0.0
single_stock_02,single_stock,0.13030659589935645,0.131,0.01,bpv,0.1627276828758987,0.03242108697654225,0.8789833012244038,1000,0.0
single_stock_02,single_stock,0.13030659589935645,0.131,0.01,ctrv,0.1655063615107753,0.035199765611418854,0.8853834665945765,1000,0.0
equity_index_01,equity_index,0.1897821747725855,0.195,0.01,rv5m,0.14839716886659693,-0.041385005905988564,0.8362223501846159,1000,0.0
equity_index_01,equity_index,0.1897821747725855,0.195,0.01,rk,0.16106098328662607,-0.02872119148595942,0.8763605725069475,1000,0.0
equity_index_01,equity_index,0.1897821747725855,0.195,0.01,tsrv,0.15244294152213314,-0.03733923325045235,0.8508856591626055,1000,0.0
equity_index_01,equity_index,0.1897821747725855,0.195,0.01,pav,0.13772677554982565,-0.05205539922275984,0.7667267945011331,1000,0.0
equity_index_01,equity_index,0.1897821747725855,0.195,0.01,pabpv,0.13757365940427138,-0.05220851536831411,0.790563246505442,1000,0.0
equity_index_01,equity_index,0.1897821747725855,0.195,0.01,bpv,0.16735632877088835,-0.02242584600169714,0.8950886245661095,1000,0.0
equity_index_01,equity_index,0.1897821747725855,0.195,0.01,ctrv,0.16759959913560052,-0.022182575636984975,0.8899327425037703,1000,0.0
equity_index_02,equity_index,0.19264535716873604,0.195,0.01,rv5m,0.20414455393931533,0.011499196770579284,0.9561751182415844,1000,0.0
equity_index_02,equity_index,0.19264535716873604,0.195,0.01,rk,0.22214176722978332,0.02949641006104728,0.970681136273945,1000,0.0
equity_index_02,equity_index,0.19264535716873604,0.195,0.01,tsrv,0.21693252212755992,0.02428716495882388,0.966875399095752,1000,0.0
equity_index_02,equity_index,0.19264535716873604,0.195,0.01,pav,0.2014731494433659,0.008827792274629848,0.9435096372927705,1000,0.0
equity_index_02,equity_index,0.19264535716873604,0.195,0.01,pabpv,0.19820032955539266,0.005554972386656615,0.936417882200556,1000,0.0
equity_index_02,equity_index,0.19264535716873604,0.195,0.01,bpv,0.21815904229095345,0.02551368512221741,0.9697370116948111,1000,0.0
equity_index_02,equity_index,0.19264535716873604,0.195,0.01,ctrv,0.2217259083563389,0.02908055118760286,0.966764434113931,1000,0.0
