H_latent,H_rv5m,H_tsrv,H_latent_lag40,H_rv5m_lag40,H_tsrv_lag40,H_corrected_rv5m,H_corrected_tsrv,H_corr_lag40_rv5m,H_corr_lag40_tsrv,omega_rv5m,omega_tsrv,convergence,varpi,path_id
0.184720,0.058979,0.039720,0.213300,0.119087,0.096574,0.058979,0.039720,0.119087,0.096574,0.000124,0.000124,converged,0.000100,0
0.204918,0.115355,0.098849,0.139735,0.071658,0.055156,0.115355,0.098849,0.071658,0.055156,0.000064,0.000064,converged,0.000100,1
0.214092,0.136056,0.118720,0.202928,0.115091,0.094469,0.138134,0.120170,0.116518,0.095448,0.027555,0.027555,converged,0.000100,2
0.168551,0.070623,0.054853,0.112021,0.054533,0.045188,0.071815,0.055565,0.055326,0.045709,0.029871,0.029871,converged,0.000100,3
0.226107,0.118865,0.099603,0.180589,0.110550,0.094923,0.118865,0.099603,0.110550,0.094923,0.000231,0.000231,converged,0.000100,4
0.228515,0.102651,0.081768,0.188407,0.092221,0.068721,0.104260,0.082781,0.093339,0.069345,0.027663,0.027663,converged,0.000100,5
0.207472,0.074418,0.051689,0.193909,0.090121,0.068383,0.075700,0.052398,0.091352,0.069137,0.028797,0.028797,converged,0.000100,6
0.181535,0.076352,0.057749,0.211188,0.112753,0.091958,4.995369,0.248336,3.422028,0.282259,0.217737,0.217737,converged,0.000100,7
0.156713,0.072833,0.059668,0.181301,0.097513,0.079034,0.074058,0.060454,0.098731,0.079791,0.027503,0.027503,converged,0.000100,8
0.205320,0.068553,0.041346,0.180856,0.099414,0.080928,0.069693,0.041875,0.100704,0.081787,0.028340,0.028340,converged,0.000100,9
0.175093,0.097126,0.081874,0.182107,0.107819,0.093149,0.097126,0.081874,0.107819,0.093149,0.000242,0.000242,converged,0.000100,10
0.162136,0.051105,0.030535,0.216097,0.114227,0.093229,0.052018,0.030961,0.115757,0.094229,0.029263,0.029263,converged,0.000100,11
0.181154,0.068562,0.048145,0.159246,0.081819,0.067291,0.069702,0.048764,0.082921,0.068018,0.029176,0.029176,converged,0.000100,12
0.216847,0.091959,0.064250,0.224878,0.124770,0.100644,0.093448,0.065075,0.126321,0.101671,0.028196,0.028196,converged,0.000100,13
0.199940,0.071586,0.054401,0.219050,0.117020,0.092263,0.072850,0.055147,0.118598,0.093274,0.028391,0.028391,converged,0.000100,14
0.203514,0.122779,0.112402,0.154935,0.064541,0.045326,0.124702,0.113755,0.065424,0.045803,0.028129,0.028129,converged,0.000100,15
0.201551,0.073293,0.051244,0.200025,0.116672,0.094800,0.073293,0.051244,0.116672,0.094800,0.000020,0.000020,converged,0.000100,16
0.149334,0.064352,0.051185,0.206309,0.115507,0.097640,0.064352,0.051185,0.115507,0.097640,0.000102,0.000102,converged,0.000100,17
0.176062,0.106055,0.093459,0.203669,0.132617,0.113768,6.687581,0.397111,2.920723,0.319695,0.220154,0.220154,converged,0.000100,18
0.153181,0.053042,0.040264,0.181386,0.068273,0.049413,0.053954,0.040807,0.069224,0.049964,0.027407,0.027407,converged,0.000100,19
0.201126,0.123439,0.105705,0.213409,0.112995,0.094826,0.125318,0.106976,0.114470,0.095834,0.027736,0.027736,converged,0.000100,20
0.194307,0.064891,0.050085,0.200800,0.088959,0.068540,0.066039,0.050782,0.090236,0.069337,0.028047,0.028047,converged,0.000100,21
0.174671,0.106510,0.090296,0.199292,0.097693,0.075435,4.715420,0.332324,2.806842,0.213686,0.213724,0.213724,converged,0.000100,22
0.188280,0.087690,0.072333,0.228851,0.123534,0.099865,0.089174,0.073303,0.125114,0.100908,0.028984,0.028984,converged,0.000100,23
0.250541,0.119562,0.097142,0.194123,0.114108,0.095098,0.121389,0.098301,0.115585,0.096085,0.028511,0.028511,converged,0.000100,24
0.207292,0.096346,0.079647,0.201451,0.116757,0.096132,0.096346,0.079647,0.116757,0.096132,0.000056,0.000056,converged,0.000100,25
0.170632,0.113558,0.101667,0.193912,0.098838,0.078620,0.115367,0.102931,0.100171,0.079467,0.028188,0.028188,converged,0.000100,26
0.201281,0.110787,0.093770,0.198487,0.081385,0.062474,3.962459,0.249593,1.277370,0.125876,0.192666,0.192666,converged,0.000100,27
0.199981,0.064691,0.041105,0.179487,0.073684,0.054266,3.787063,0.116971,1.280970,0.125597,0.190324,0.190324,converged,0.000100,28
0.144043,0.054585,0.039963,0.118516,0.051401,0.040264,0.054585,0.039963,0.051401,0.040264,0.000126,0.000126,converged,0.000100,29
0.212319,0.116448,0.106249,0.172591,0.098762,0.083027,0.118150,0.107469,0.100035,0.083889,0.027405,0.027405,converged,0.000100,30
0.176684,0.072237,0.056420,0.200653,0.109642,0.088742,0.072237,0.056420,0.109642,0.088742,0.000062,0.000062,converged,0.000100,31
0.192287,0.084420,0.060861,0.153982,0.082613,0.066518,0.085795,0.061651,0.083655,0.067162,0.029136,0.029136,converged,0.000100,32
0.220357,0.113711,0.091053,0.194686,0.109061,0.092056,0.115475,0.092180,0.110395,0.092955,0.029382,0.029382,converged,0.000100,33
0.175597,0.092455,0.070783,0.168395,0.083671,0.064009,0.093973,0.071688,0.084867,0.064716,0.027012,0.027012,converged,0.000100,34
0.212055,0.121081,0.103637,0.221979,0.132362,0.112217,0.121081,0.103637,0.132362,0.112217,0.000067,0.000067,converged,0.000100,35
0.206680,0.092732,0.071629,0.171534,0.095666,0.079311,0.092732,0.071629,0.095666,0.079311,0.000078,0.000078,converged,0.000100,36
0.203455,0.094981,0.073517,0.259393,0.149887,0.125151,0.096530,0.074475,0.151643,0.126376,0.028136,0.028136,converged,0.000100,37
0.198099,0.102063,0.085227,0.247280,0.153659,0.132630,0.103688,0.086278,0.155571,0.133975,0.029075,0.029075,converged,0.000100,38
0.186710,0.088576,0.072770,0.195584,0.110849,0.092041,0.090047,0.073724,0.112220,0.092950,0.028481,0.028481,converged,0.000100,39
0.198520,0.078474,0.059856,0.199105,0.125714,0.109974,0.079729,0.060595,0.127251,0.111075,0.028041,0.028041,converged,0.000100,40
0.206330,0.069982,0.056047,0.194683,0.109314,0.092799,0.071113,0.056753,0.110744,0.093771,0.028180,0.028180,converged,0.000100,41
0.209786,0.120362,0.102413,0.214480,0.127493,0.110544,0.122308,0.103728,0.129189,0.111739,0.028212,0.028212,converged,0.000100,42
0.197071,0.062404,0.042185,0.210871,0.090784,0.066896,0.063434,0.042716,0.091939,0.067565,0.027829,0.027829,converged,0.000100,43
0.201114,0.082748,0.066240,0.185575,0.096269,0.081174,0.084155,0.067123,0.097535,0.082025,0.028412,0.028412,converged,0.000100,44
0.166694,0.061471,0.049759,0.132368,0.074341,0.065085,0.061471,0.049759,0.074341,0.065085,0.000000,0.000000,converged,0.000100,45
0.178726,0.105161,0.085862,0.217982,0.115394,0.094343,0.105161,0.085862,0.115394,0.094343,0.000062,0.000062,converged,0.000100,46
0.184819,0.066284,0.047585,0.152274,0.070997,0.059072,0.067417,0.048225,0.072048,0.059771,0.028648,0.028648,converged,0.000100,47
0.229011,0.097986,0.071413,0.192083,0.090071,0.071497,0.099556,0.072334,0.091197,0.072226,0.027813,0.027813,converged,0.000100,48
0.163064,0.077826,0.063083,0.165711,0.092136,0.072515,0.079160,0.063923,0.093441,0.073335,0.028144,0.028144,converged,0.000100,49
0.157768,0.075060,0.065540,0.137082,0.064734,0.050556,0.076275,0.066352,0.065545,0.051033,0.027439,0.027439,converged,0.000100,50
0.219912,0.069712,0.046664,0.167659,0.075842,0.056896,0.070908,0.047296,0.076858,0.057475,0.027098,0.027098,converged,0.000100,51
0.146720,0.066387,0.054530,0.180910,0.100525,0.081385,0.067513,0.055253,0.101862,0.082246,0.028429,0.028429,converged,0.000100,52
0.184490,0.102531,0.091966,0.187523,0.109696,0.092380,0.104186,0.093107,0.111083,0.093283,0.028313,0.028313,converged,0.000100,53
0.222112,0.123157,0.109331,0.222934,0.105570,0.080454,0.125040,0.110637,0.106886,0.081272,0.028323,0.028323,converged,0.000100,54
0.206508,0.101237,0.083595,0.191173,0.092892,0.074407,0.102865,0.084638,0.094040,0.075109,0.028503,0.028503,converged,0.000100,55
0.208862,0.093726,0.074327,0.154115,0.070675,0.055011,0.093726,0.074327,0.070675,0.055011,0.000050,0.000050,converged,0.000100,56
0.168396,0.078679,0.063094,0.130709,0.063661,0.053282,0.079977,0.063900,0.064557,0.053871,0.027122,0.027122,converged,0.000100,57
0.181464,0.039481,0.021828,0.112824,0.041011,0.029577,0.039481,0.021828,0.041011,0.029577,0.000184,0.000184,converged,0.000100,58
0.193063,0.081979,0.067359,0.149509,0.101063,0.089404,0.083315,0.068213,0.102413,0.090366,0.027871,0.027871,converged,0.000100,59
0.215690,0.092236,0.070082,0.202179,0.112375,0.091458,0.092236,0.070082,0.112375,0.091458,0.000068,0.000068,converged,0.000100,60
0.214503,0.085435,0.067988,0.186196,0.083407,0.066901,0.086844,0.068863,0.084518,0.067601,0.028578,0.028578,converged,0.000100,61
0.218419,0.108622,0.090467,0.248652,0.139984,0.116759,0.110330,0.091590,0.141638,0.117893,0.029180,0.029180,converged,0.000100,62
0.208827,0.108013,0.094544,0.197942,0.092433,0.074402,0.108013,0.094544,0.092433,0.074402,0.000122,0.000122,converged,0.000100,63
0.248261,0.112469,0.088532,0.231116,0.132787,0.108612,0.114300,0.089691,0.134440,0.109731,0.028948,0.028948,converged,0.000100,64
0.201894,0.117348,0.094642,0.203418,0.116551,0.096652,0.117348,0.094642,0.116551,0.096652,0.000108,0.000108,converged,0.000100,65
0.190219,0.111651,0.092307,0.214769,0.125268,0.106275,0.113400,0.093444,0.126840,0.107346,0.028063,0.028063,converged,0.000100,66
0.201744,0.086959,0.066215,0.183907,0.109550,0.092993,0.088385,0.067068,0.110975,0.093975,0.028405,0.028405,converged,0.000100,67
0.194199,0.075031,0.051599,0.206992,0.109030,0.089439,0.076263,0.052258,0.110482,0.090417,0.028089,0.028089,converged,0.000100,68
0.217134,0.092878,0.067900,0.185828,0.100266,0.081861,0.094437,0.068799,0.101592,0.082726,0.028740,0.028740,converged,0.000100,69
0.215994,0.093619,0.073215,0.242438,0.155572,0.135567,0.095251,0.074225,0.157597,0.137011,0.028335,0.028335,converged,0.000100,70
0.192080,0.104092,0.084230,0.192060,0.113680,0.095250,0.104092,0.084230,0.113680,0.095250,0.000214,0.000214,converged,0.000100,71
0.211616,0.096061,0.074853,0.245693,0.117719,0.089101,0.096062,0.074853,0.117720,0.089102,0.000535,0.000535,converged,0.000100,72
0.198147,0.092412,0.071061,0.173385,0.107259,0.091867,0.093884,0.071947,0.108584,0.092767,0.027399,0.027399,converged,0.000100,73
0.209755,0.125143,0.106916,0.171117,0.116613,0.099197,0.127103,0.108224,0.118102,0.100221,0.027706,0.027706,converged,0.000100,74
0.205052,0.083257,0.062051,0.166080,0.071307,0.053271,3.968448,0.234648,1.834307,-0.119007,0.208108,0.208108,converged,0.000100,75
0.246075,0.137163,0.111296,0.216406,0.113160,0.089646,0.139247,0.112633,0.114539,0.090527,0.028325,0.028325,converged,0.000100,76
0.174561,0.093420,0.072839,0.210978,0.113067,0.089975,6.737161,0.324592,2.499755,0.271000,0.215379,0.215379,converged,0.000100,77
0.219548,0.077029,0.061129,0.241649,0.142367,0.119721,0.077029,0.061129,0.142367,0.119721,0.000133,0.000133,converged,0.000100,78
0.212675,0.098059,0.074612,0.191392,0.090309,0.064967,0.098059,0.074612,0.090309,0.064967,0.000212,0.000212,converged,0.000100,79
0.225320,0.103109,0.083788,0.219635,0.122126,0.102111,6.059589,2.303224,3.300628,1.131771,0.226948,0.226948,converged,0.000100,80
0.199054,0.102408,0.078520,0.149531,0.069970,0.051288,0.104039,0.079513,0.070887,0.051813,0.027108,0.027108,converged,0.000100,81
0.228907,0.123032,0.102027,0.220532,0.127093,0.104522,0.124931,0.103239,0.128661,0.105555,0.028449,0.028449,converged,0.000100,82
0.185656,0.110968,0.093467,0.187595,0.096838,0.075772,0.112701,0.094623,0.098051,0.076529,0.028557,0.028557,converged,0.000100,83
0.212350,0.061479,0.034905,0.185731,0.072865,0.049951,0.061479,0.034905,0.072865,0.049951,0.000184,0.000184,converged,0.000100,84
0.177999,0.107937,0.092091,0.165109,0.093109,0.076103,0.107938,0.092091,0.093109,0.076103,0.000272,0.000272,converged,0.000100,85
0.163312,0.057042,0.037435,0.172703,0.108268,0.092001,0.057042,0.037435,0.108269,0.092001,0.000197,0.000197,converged,0.000100,86
0.227005,0.085986,0.063434,0.224430,0.138860,0.117192,0.085986,0.063434,0.138860,0.117192,0.000181,0.000181,converged,0.000100,87
0.199442,0.107428,0.085414,0.200395,0.119698,0.100950,0.109120,0.086486,0.121251,0.102026,0.028068,0.028068,converged,0.000100,88
0.188483,0.080825,0.065503,0.176499,0.118755,0.103791,0.080825,0.065503,0.118755,0.103791,0.000039,0.000039,converged,0.000100,89
0.209798,0.087169,0.066751,0.218017,0.131204,0.110740,0.088629,0.067642,0.132848,0.111891,0.028149,0.028149,converged,0.000100,90
0.155477,0.102760,0.092528,0.220886,0.121205,0.103388,0.104340,0.093659,0.122576,0.104341,0.028034,0.028034,converged,0.000100,91
0.199936,0.096368,0.076415,0.186002,0.110266,0.090940,5.193899,-0.397720,2.276920,0.302955,0.215534,0.215534,converged,0.000100,92
0.186098,0.060707,0.036674,0.248159,0.153552,0.130823,0.061771,0.037173,0.155418,0.132115,0.027806,0.027806,converged,0.000100,93
0.216695,0.090118,0.067285,0.192387,0.097280,0.077802,0.091546,0.068112,0.098573,0.078630,0.028493,0.028493,converged,0.000100,94
0.208168,0.104028,0.085548,0.190857,0.106028,0.086663,0.105624,0.086562,0.107286,0.087479,0.028094,0.028094,converged,0.000100,95
0.163238,0.057020,0.038494,0.192626,0.115146,0.095321,0.057979,0.038993,0.116655,0.096330,0.028729,0.028729,converged,0.000100,96
0.180415,0.021412,0.008699,0.154572,0.067026,0.050094,0.021782,0.008799,0.067974,0.050627,0.028225,0.028225,converged,0.000100,97
0.220795,0.141373,0.118565,0.175108,0.082542,0.067717,0.143458,0.119924,0.083564,0.068372,0.027417,0.027417,converged,0.000100,98
0.233035,0.099062,0.078843,0.192854,0.099773,0.080120,0.099062,0.078843,0.099773,0.080120,0.000071,0.000071,converged,0.000100,99
0.184720,0.058791,0.039491,0.213300,0.119226,0.096762,0.058791,0.039491,0.119226,0.096762,0.000089,0.000089,converged,0.000500,0
0.204918,0.115239,0.098805,0.139735,0.071452,0.054962,0.115239,0.098806,0.071452,0.054962,0.000104,0.000104,converged,0.000500,1
0.214092,0.135961,0.118610,0.202928,0.114957,0.094282,0.138038,0.120058,0.116383,0.095259,0.027559,0.027559,converged,0.000500,2
0.168551,0.070903,0.055162,0.112021,0.054481,0.045080,0.072099,0.055878,0.055272,0.045600,0.029863,0.029863,converged,0.000500,3
0.226107,0.119092,0.099838,0.180589,0.110620,0.094963,0.120942,0.101044,0.111985,0.095885,0.027956,0.027956,converged,0.000500,4
0.228515,0.102110,0.081109,0.188407,0.092337,0.068899,0.103712,0.082114,0.093455,0.069526,0.027660,0.027660,converged,0.000500,5
0.207472,0.074155,0.051410,0.193909,0.090122,0.068386,0.075433,0.052116,0.091353,0.069140,0.028808,0.028808,converged,0.000500,6
0.181535,0.076218,0.057612,0.211188,0.112659,0.091917,4.994977,0.248140,3.420138,0.282372,0.217804,0.217804,converged,0.000500,7
0.156713,0.072964,0.059814,0.181301,0.097407,0.078984,0.074190,0.060602,0.098622,0.079738,0.027503,0.027503,converged,0.000500,8
0.205320,0.068549,0.041318,0.180856,0.099397,0.080931,0.069689,0.041846,0.100687,0.081790,0.028346,0.028346,converged,0.000500,9
0.175093,0.096774,0.081537,0.182107,0.107799,0.093083,0.098316,0.082558,0.109113,0.093985,0.027890,0.027890,converged,0.000500,10
0.162136,0.051029,0.030398,0.216097,0.114038,0.093014,0.051941,0.030823,0.115565,0.094012,0.029264,0.029264,converged,0.000500,11
0.181154,0.068538,0.048113,0.159246,0.081974,0.067443,0.069678,0.048732,0.083078,0.068172,0.029177,0.029177,converged,0.000500,12
0.216847,0.092157,0.064442,0.224878,0.124864,0.100747,0.093649,0.065270,0.126417,0.101776,0.028196,0.028196,converged,0.000500,13
0.199940,0.071432,0.054263,0.219050,0.117105,0.092402,0.072693,0.055008,0.118684,0.093415,0.028388,0.028388,converged,0.000500,14
0.203514,0.122752,0.112411,0.154935,0.064632,0.045477,0.124675,0.113764,0.065515,0.045955,0.028123,0.028123,converged,0.000500,15
0.201551,0.073177,0.051133,0.200025,0.116822,0.094987,0.073177,0.051133,0.116822,0.094987,0.000142,0.000142,converged,0.000500,16
0.149334,0.063763,0.050489,0.206309,0.115569,0.097706,0.063763,0.050489,0.115569,0.097706,0.000013,0.000013,converged,0.000500,17
0.176062,0.106029,0.093464,0.203669,0.132757,0.113903,6.685339,0.396609,2.922397,0.319965,0.220195,0.220195,converged,0.000500,18
0.153181,0.052903,0.040096,0.181386,0.068402,0.049607,0.053812,0.040636,0.069353,0.050160,0.027408,0.027408,converged,0.000500,19
0.201126,0.123247,0.105537,0.213409,0.113026,0.094843,0.125124,0.106805,0.114502,0.095852,0.027740,0.027740,converged,0.000500,20
0.194307,0.064850,0.050112,0.200800,0.089137,0.068839,0.065997,0.050809,0.090416,0.069639,0.028048,0.028048,converged,0.000500,21
0.174671,0.106565,0.090408,0.199292,0.097800,0.075532,4.714050,0.333253,2.808315,0.210231,0.213711,0.213711,converged,0.000500,22
0.188280,0.087689,0.072297,0.228851,0.123605,0.099946,0.089174,0.073267,0.125187,0.100990,0.028979,0.028979,converged,0.000500,23
0.250541,0.119669,0.097278,0.194123,0.114134,0.095111,0.121498,0.098438,0.115611,0.096098,0.028505,0.028505,converged,0.000500,24
0.207292,0.096265,0.079623,0.201451,0.116760,0.096155,0.096265,0.079623,0.116760,0.096155,0.000148,0.000148,converged,0.000500,25
0.170632,0.113614,0.101705,0.193912,0.098802,0.078598,0.115423,0.102969,0.100133,0.079444,0.028190,0.028190,converged,0.000500,26
0.201281,0.110805,0.093833,0.198487,0.081545,0.062655,3.962127,0.249058,1.277536,0.126069,0.192480,0.192480,converged,0.000500,27
0.199981,0.064845,0.041212,0.179487,0.073763,0.054286,3.787469,0.117218,1.280932,0.125539,0.190265,0.190265,converged,0.000500,28
0.144043,0.054509,0.039894,0.118516,0.051360,0.040221,0.054509,0.039894,0.051360,0.040221,0.000076,0.000076,converged,0.000500,29
0.212319,0.116384,0.106100,0.172591,0.098707,0.082965,0.118085,0.107317,0.099980,0.083826,0.027407,0.027407,converged,0.000500,30
0.176684,0.072202,0.056326,0.200653,0.109658,0.088728,0.072202,0.056326,0.109658,0.088728,0.000148,0.000148,converged,0.000500,31
0.192287,0.084590,0.061011,0.153982,0.082625,0.066546,0.085969,0.061803,0.083668,0.067191,0.029133,0.029133,converged,0.000500,32
0.220357,0.113609,0.090914,0.194686,0.109102,0.092114,0.115372,0.092039,0.110437,0.093015,0.029394,0.029394,converged,0.000500,33
0.175597,0.092411,0.070727,0.168395,0.083642,0.064010,0.093929,0.071631,0.084838,0.064716,0.027020,0.027020,converged,0.000500,34
0.212055,0.121132,0.103715,0.221979,0.132304,0.112171,0.121132,0.103715,0.132304,0.112171,0.000132,0.000132,converged,0.000500,35
0.206680,0.092747,0.071620,0.171534,0.095711,0.079379,0.092747,0.071620,0.095711,0.079379,0.000129,0.000129,converged,0.000500,36
0.203455,0.094756,0.073317,0.259393,0.149845,0.125086,0.096302,0.074273,0.151601,0.126310,0.028145,0.028145,converged,0.000500,37
0.198099,0.101997,0.085139,0.247280,0.153582,0.132535,0.103621,0.086189,0.155494,0.133879,0.029082,0.029082,converged,0.000500,38
0.186710,0.088536,0.072738,0.195584,0.110834,0.091994,0.090007,0.073691,0.112205,0.092903,0.028484,0.028484,converged,0.000500,39
0.198520,0.078505,0.059826,0.199105,0.125605,0.109875,0.079759,0.060565,0.127141,0.110974,0.028042,0.028042,converged,0.000500,40
0.206330,0.069989,0.056127,0.194683,0.109205,0.092596,0.071120,0.056834,0.110634,0.093566,0.028181,0.028181,converged,0.000500,41
0.209786,0.120437,0.102488,0.214480,0.127399,0.110418,0.122385,0.103804,0.129094,0.111611,0.028215,0.028215,converged,0.000500,42
0.197071,0.062327,0.042139,0.210871,0.090731,0.066837,0.063356,0.042670,0.091884,0.067505,0.027831,0.027831,converged,0.000500,43
0.201114,0.082943,0.066550,0.185575,0.096166,0.081047,0.084353,0.067436,0.097430,0.081896,0.028413,0.028413,converged,0.000500,44
0.166694,0.061488,0.049744,0.132368,0.074480,0.065233,0.061488,0.049744,0.074480,0.065233,0.000080,0.000080,converged,0.000500,45
0.178726,0.105009,0.085655,0.217982,0.115414,0.094340,0.105009,0.085656,0.115414,0.094340,0.000132,0.000132,converged,0.000500,46
0.184819,0.066208,0.047642,0.152274,0.070785,0.058886,0.067340,0.048282,0.071833,0.059582,0.028638,0.028638,converged,0.000500,47
0.229011,0.098075,0.071547,0.192083,0.090247,0.071693,0.099646,0.072470,0.091375,0.072424,0.027814,0.027814,converged,0.000500,48
0.163064,0.077713,0.062886,0.165711,0.092246,0.072600,0.079046,0.063723,0.093553,0.073420,0.028144,0.028144,converged,0.000500,49
0.157768,0.075409,0.065897,0.137082,0.064701,0.050538,0.076628,0.066713,0.065511,0.051014,0.027434,0.027434,converged,0.000500,50
0.219912,0.069564,0.046476,0.167659,0.075860,0.056887,0.070757,0.047105,0.076876,0.057465,0.027102,0.027102,converged,0.000500,51
0.146720,0.066106,0.054235,0.180910,0.100455,0.081319,0.067227,0.054954,0.101792,0.082180,0.028434,0.028434,converged,0.000500,52
0.184490,0.102510,0.091949,0.187523,0.109797,0.092552,0.104164,0.093091,0.111185,0.093457,0.028313,0.028313,converged,0.000500,53
0.222112,0.123246,0.109435,0.222934,0.105614,0.080495,0.125129,0.110742,0.106929,0.081312,0.028319,0.028319,converged,0.000500,54
0.206508,0.101245,0.083677,0.191173,0.092950,0.074440,0.102873,0.084720,0.094098,0.075141,0.028496,0.028496,converged,0.000500,55
0.208862,0.093581,0.074162,0.154115,0.070481,0.054763,0.093581,0.074162,0.070481,0.054763,0.000032,0.000032,converged,0.000500,56
0.168396,0.078809,0.063275,0.130709,0.063543,0.053098,0.080110,0.064083,0.064437,0.053685,0.027124,0.027124,converged,0.000500,57
0.181464,0.039659,0.022054,0.112824,0.041207,0.029804,0.039659,0.022054,0.041207,0.029804,0.000043,0.000043,converged,0.000500,58
0.193063,0.081836,0.067153,0.149509,0.101080,0.089444,0.083169,0.068003,0.102428,0.090406,0.027857,0.027857,converged,0.000500,59
0.215690,0.092428,0.070217,0.202179,0.112476,0.091576,0.092428,0.070217,0.112476,0.091576,0.000082,0.000082,converged,0.000500,60
0.214503,0.085541,0.068201,0.186196,0.083564,0.067055,0.086952,0.069079,0.084678,0.067758,0.028589,0.028589,converged,0.000500,61
0.218419,0.108669,0.090466,0.248652,0.140004,0.116737,0.110378,0.091590,0.141658,0.117871,0.029179,0.029179,converged,0.000500,62
0.208827,0.108204,0.094741,0.197942,0.092430,0.074392,0.108204,0.094741,0.092430,0.074392,0.000173,0.000173,converged,0.000500,63
0.248261,0.112298,0.088323,0.231116,0.132834,0.108679,0.114127,0.089479,0.134488,0.109798,0.028951,0.028951,converged,0.000500,64
0.201894,0.117376,0.094645,0.203418,0.116418,0.096477,0.119203,0.095809,0.117784,0.097372,0.028233,0.028233,converged,0.000500,65
0.190219,0.111586,0.092210,0.214769,0.125330,0.106356,0.113334,0.093346,0.126903,0.107428,0.028059,0.028059,converged,0.000500,66
0.201744,0.086926,0.066151,0.183907,0.109702,0.093106,0.088352,0.067003,0.111129,0.094089,0.028399,0.028399,converged,0.000500,67
0.194199,0.075109,0.051694,0.206992,0.109043,0.089481,0.076343,0.052354,0.110496,0.090459,0.028082,0.028082,converged,0.000500,68
0.217134,0.092910,0.067909,0.185828,0.100280,0.081909,0.094470,0.068809,0.101605,0.082773,0.028739,0.028739,converged,0.000500,69
0.215994,0.093567,0.073168,0.242438,0.155461,0.135429,0.095197,0.074178,0.157485,0.136873,0.028333,0.028333,converged,0.000500,70
0.192080,0.103849,0.084045,0.192060,0.113113,0.094623,0.103849,0.084045,0.113113,0.094624,0.000242,0.000242,converged,0.000500,71
0.211616,0.095891,0.074678,0.245693,0.117585,0.088926,0.095891,0.074679,0.117586,0.088927,0.000480,0.000480,converged,0.000500,72
0.198147,0.092356,0.071113,0.173385,0.107252,0.091841,0.573253,0.183219,0.217202,0.179368,0.191361,0.191361,converged,0.000500,73
0.209755,0.125114,0.106829,0.171117,0.116521,0.099060,0.127073,0.108137,0.118008,0.100082,0.027698,0.027698,converged,0.000500,74
0.205052,0.083381,0.062198,0.166080,0.071435,0.053402,3.966778,0.234921,1.837121,-0.118447,0.208086,0.208086,converged,0.000500,75
0.246075,0.137112,0.111234,0.216406,0.113148,0.089562,0.139197,0.112570,0.114528,0.090441,0.028328,0.028328,converged,0.000500,76
0.174561,0.093557,0.072985,0.210978,0.112908,0.089832,6.738555,0.324136,2.499704,0.270599,0.215440,0.215440,converged,0.000500,77
0.219548,0.076905,0.061036,0.241649,0.142312,0.119644,0.076905,0.061036,0.142312,0.119644,0.000154,0.000154,converged,0.000500,78
0.212675,0.098062,0.074664,0.191392,0.090295,0.064977,0.098062,0.074664,0.090295,0.064977,0.000125,0.000125,converged,0.000500,79
0.225320,0.102880,0.083636,0.219635,0.122100,0.102107,6.058887,2.302185,3.301779,1.131440,0.227010,0.227010,converged,0.000500,80
0.199054,0.102365,0.078349,0.149531,0.069863,0.051059,0.103995,0.079340,0.070779,0.051581,0.027101,0.027101,converged,0.000500,81
0.228907,0.123117,0.102118,0.220532,0.127159,0.104592,0.125017,0.103331,0.128727,0.105625,0.028456,0.028456,converged,0.000500,82
0.185656,0.110857,0.093402,0.187595,0.096815,0.075682,0.112588,0.094557,0.098028,0.076437,0.028544,0.028544,converged,0.000500,83
0.212350,0.061392,0.034847,0.185731,0.072906,0.049971,0.061392,0.034847,0.072906,0.049971,0.000162,0.000162,converged,0.000500,84
0.177999,0.107758,0.092048,0.165109,0.092747,0.075703,0.107758,0.092048,0.092747,0.075703,0.000181,0.000181,converged,0.000500,85
0.163312,0.057043,0.037435,0.172703,0.108093,0.091824,0.057043,0.037435,0.108093,0.091824,0.000139,0.000139,converged,0.000500,86
0.227005,0.085932,0.063365,0.224430,0.138621,0.116947,0.085932,0.063365,0.138621,0.116947,0.000090,0.000090,converged,0.000500,87
0.199442,0.107292,0.085237,0.200395,0.119679,0.100902,0.108982,0.086307,0.121231,0.101978,0.028059,0.028059,converged,0.000500,88
0.188483,0.080933,0.065636,0.176499,0.118666,0.103741,0.080933,0.065636,0.118666,0.103741,0.000053,0.000053,converged,0.000500,89
0.209798,0.087309,0.066867,0.218017,0.131075,0.110575,0.088770,0.067760,0.132718,0.111725,0.028152,0.028152,converged,0.000500,90
0.155477,0.102770,0.092535,0.220886,0.121170,0.103382,0.104350,0.093667,0.122541,0.104334,0.028030,0.028030,converged,0.000500,91
0.199936,0.096396,0.076386,0.186002,0.110456,0.091114,0.097928,0.077333,0.111883,0.092054,0.028949,0.028949,converged,0.000500,92
0.186098,0.060840,0.036837,0.248159,0.153467,0.130719,0.061905,0.037339,0.155331,0.132009,0.027802,0.027802,converged,0.000500,93
0.216695,0.090170,0.067288,0.192387,0.097327,0.077823,0.091599,0.068115,0.098621,0.078651,0.028488,0.028488,converged,0.000500,94
0.208168,0.103535,0.085179,0.190857,0.106028,0.086640,0.105125,0.086190,0.107286,0.087456,0.028095,0.028095,converged,0.000500,95
0.163238,0.057097,0.038595,0.192626,0.115213,0.095438,0.058059,0.039097,0.116722,0.096447,0.028726,0.028726,converged,0.000500,96
0.180415,0.021484,0.008812,0.154572,0.067024,0.050052,0.021856,0.008914,0.067971,0.050583,0.028214,0.028214,converged,0.000500,97
0.220795,0.141117,0.118317,0.175108,0.082507,0.067684,0.143200,0.119672,0.083528,0.068337,0.027421,0.027421,converged,0.000500,98
0.233035,0.099223,0.079046,0.192854,0.099838,0.080164,0.099223,0.079046,0.099838,0.080164,0.000062,0.000062,converged,0.000500,99
